BT101,6
BT202,6
BT205,6
BT208,8
BT290,6
BT302,8
BT305,6
BT306,6
BT308,6
BT330,6
BT401,6
BT499,6
BT502,6
BT504,6
BT520,6
BT601,6
BT604,6
BT607,6
BT609,6
BT613,6
BT616,6
BT618,6
BT629,6
BT630,6
BT632,6
BT637,6
BT699,6
CE201,6
CE205,6
CE206,6
CE213,2
CE215,2
CE220,6
CE221,2
CE222,6
CE223,2
CE304,6
CE307,6
CE308,6
CE309,8
CE311,6
CE314,2
CE315,2
CE400,3
CE402,5
CE498,7
CE504,6
CE505,6
CE510,6
CE514,6
CE524,6
CE525,6
CE533,6
CE534,6
CE544,6
CE550,6
CE552,6
CE555,6
CE556,6
CE564,6
CE570,6
CE583,6
CE584,6
CE585,6
CE594,6
CE595,6
CE599,6
CE606,6
CE607,6
CE608,6
CE612,6
CE614,6
CE615,6
CE616,6
CE623,6
CE628,6
CE643,6
CE646,6
CE648,6
CE649,6
CE652,6
CE661,6
CE664,6
CE691,6
CE693,6
CE695,6
CE697,6
CE699,6
CH212,6
CH222,6
CH223,6
CH232,8
CH233,6
CH322,6
CH323,6
CH333,6
CH334,6
CH411,6
CH417,6
CH418,6
CH419,6
CH421,6
CH425,6
CH428,6
CH432,6
CH433,6
CH438,6
CH499,6
CH501,6
CH600,6
CH603,6
CH611,6
CH615,6
CH617,6
CH621,6
CH623,6
CH625,6
CH630,6
CH637,6
CH640,6
CL204,8
CL205,6
CL206,5
CL207,6
CL210,3
CL211,3
CL307,6
CL308,6
CL309,8
CL314,6
CL315,3
CL401,8
CL404,6
CL498,6
CL499,6
CL503,6
CL504,6
CL599,6
CL612,6
CL614,6
CL617,6
CL618,6
CL619,6
CL622,6
CL623,6
CL625,6
CL630,6
CL634,6
CL635,6
CL638,6
CL639,6
CL642,6
CL698,6
CL699,6
CS101,6
CS110,3
CS203,6
CS204,6
CS206M,6
CS222,6
CS223,3
CS242,4
CS243,5
CS244,5
CS344,6
CS345,3
CS346,6
CS347,3
CS348,6
CS349,3
CS350M,6
CS499,6
CS501,6
CS503,6
CS525,6
CS526,6
CS549,6
CS558,6
CS561,6
CS666,6
CS699,6
DD111,6
DD112,6
DD113,6
DD211,6
DD212,6
DD214,6
DD215,6
DD216,6
DD220M,6
DD306,6
DD311,6
DD312,6
DD313,6
DD314,6
DD315,6
DD316,6
DD320M,6
DD411,6
DD413,6
DD497,6
DD499,6
DD505,6
DD506,6
DD507,6
DD509,6
DD510,6
DD512,6
DD514,6
DD515,6
DD516,6
DD521,6
DD522,6
DD527,6
DD531,6
DD602,6
DD605,6
DD704,6
DD705,6
DD707,6
DD709,6
DD710,6
EE102,3
EE203,6
EE204,3
EE213M,6
EE221,8
EE230,8
EE270,6
EE304,4
EE322M,6
EE333,6
EE337,6
EE340,6
EE351,6
EE360,6
EE371,3
EE385,6
EE498,6
EE499,6
EE503,6
EE513,6
EE514,6
EE525,6
EE529,6
EE533,6
EE534,6
EE539,6
EE551,6
EE561,6
EE562,6
EE580,6
EE621,6
EE625,6
EE626,6
EE631,6
EE632,6
EE634,6
EE636,6
EE642,6
EE643,6
EE645,6
EE646,6
EE647,6
EE648,6
EE652,6
EE653,6
EE654,6
EE657,6
EE663,6
EE664,6
EE667,6
EE668,6
EE671,6
EE673,6
EE699,6
HS203,6
HS212,6
HS213,6
HS220,6
HS224,6
HS226,6
HS234,6
HS237,6
HS238,6
HS239,6
HS242,6
HS243,6
HS406,6
HS409,6
HS413,6
HS414,6
HS415,6
HS420,6
HS421,6
HS422,6
HS424,6
HS425,6
HS502,6
HS503,6
HS505,6
HS512,6
HS517,6
HS604,6
HS621,6
HS622,6
HS623,6
HS699,6
HS702,6
HS704,6
HS706,6
HS707,6
HS717,6
HS719,6
HS720,6
HS731,6
HS732,6
HS755,6
HS763,6
HS770,6
HS771,6
HS772,6
MA102,8
MA212M,6
MA224,6
MA226,4
MA252,6
MA253,4
MA271,6
MA312M,6
MA321,6
MA351,6
MA373,6
MA374,3
MA473,8
MA477,6
MA499,6
MA502,6
MA505,6
MA512,6
MA513,6
MA519,6
MA542,6
MA547,6
MA561,6
MA571,6
MA573,6
MA590,6
MA591,6
MA616,6
MA622,6
MA625,6
MA641,6
MA642,6
MA643,6
MA644,6
MA662,6
MA671,6
MA685,6
MA691,6
MA699,6
MA746,6
MA762,6
ME101,8
ME110,3
ME221,6
ME222,6
ME223,6
ME224,6
ME225,6
ME226,3
ME321,6
ME321M,6
ME322,6
ME323,6
ME324,8
ME325,6
ME326,3
ME412,3
ME421,6
ME499,6
ME513,6
ME514,6
ME522,6
ME532,6
ME544,6
ME553,6
ME554,6
ME605,6
ME607,6
ME609,6
ME613,6
ME615,6
ME616,6
ME618,6
ME619,6
ME662,6
ME665,6
ME670,6
ME672,6
ME680,6
ME686,6
ME688,6
ME690,6
ME691,6
ME695,6
ME699,6
PH102,6
PH110,3
PH202,8
PH204,8
PH206,6
PH210,4
PH302,6
PH304,6
PH306,6
PH308,6
PH320,6
PH382M,6
PH402,6
PH404,6
PH406,6
PH408,6
PH410,6
PH412,6
PH414,6
PH443,6
PH446,6
PH462,6
PH499,6
PH516,6
PH518,6
PH521,6
PH523,6
PH524,6
PH527,6
PH531,6
PH532,6
PH543,6
PH544,6
PH545,6
PH702,6
PH703,6
PH704,6
PH706,6
