CE222,2018-02-25,09:00,11:00
PH202,2018-02-25,09:00,11:00
EE626,2018-02-25,09:00,11:00
ME532,2018-02-25,09:00,11:00
ME691,2018-02-25,09:00,11:00
BT629,2018-02-25,09:00,11:00
CL612,2018-02-25,09:00,11:00
PH523,2018-02-25,09:00,11:00
MA505,2018-02-25,09:00,11:00
MA685,2018-02-25,09:00,11:00
ME662,2018-02-25,09:00,11:00
HS512,2018-02-25,09:00,11:00
BT616,2018-02-25,14:00,16:00
CL642,2018-02-25,14:00,16:00
CH637,2018-02-25,14:00,16:00
MA616,2018-02-25,14:00,16:00
MA622,2018-02-25,14:00,16:00
HS621,2018-02-25,14:00,16:00
CE222,2018-04-28,09:00,12:00
PH202,2018-04-28,09:00,12:00
EE626,2018-04-28,09:00,12:00
ME532,2018-04-28,09:00,12:00
ME691,2018-04-28,09:00,12:00
BT629,2018-04-28,09:00,12:00
CL612,2018-04-28,09:00,12:00
PH523,2018-04-28,09:00,12:00
MA505,2018-04-28,09:00,12:00
MA685,2018-04-28,09:00,12:00
ME662,2018-04-28,09:00,12:00
HS512,2018-04-28,09:00,12:00
BT616,2018-04-28,14:00,17:00
CL642,2018-04-28,14:00,17:00
CH637,2018-04-28,14:00,17:00
MA616,2018-04-28,14:00,17:00
MA622,2018-04-28,14:00,17:00
HS621,2018-04-28,14:00,17:00
CS222,2018-02-26,09:00,11:00
EE270,2018-02-26,09:00,11:00
ME221,2018-02-26,09:00,11:00
CE201,2018-02-26,09:00,11:00
DD211,2018-02-26,09:00,11:00
BT202,2018-02-26,09:00,11:00
CL204,2018-02-26,09:00,11:00
PH206,2018-02-26,09:00,11:00
CH212,2018-02-26,09:00,11:00
HS406,2018-02-26,09:00,11:00
HS409,2018-02-26,09:00,11:00
HS413,2018-02-26,09:00,11:00
HS414,2018-02-26,09:00,11:00
HS415,2018-02-26,09:00,11:00
HS420,2018-02-26,09:00,11:00
HS421,2018-02-26,09:00,11:00
HS422,2018-02-26,09:00,11:00
HS424,2018-02-26,09:00,11:00
HS425,2018-02-26,09:00,11:00
EE525,2018-02-26,09:00,11:00
EE551,2018-02-26,09:00,11:00
CE504,2018-02-26,09:00,11:00
CE524,2018-02-26,09:00,11:00
CE533,2018-02-26,09:00,11:00
CE584,2018-02-26,09:00,11:00
CE595,2018-02-26,09:00,11:00
DD707,2018-02-26,09:00,11:00
BT504,2018-02-26,09:00,11:00
CL503,2018-02-26,09:00,11:00
PH402,2018-02-26,09:00,11:00
CH411,2018-02-26,09:00,11:00
CH501,2018-02-26,09:00,11:00
CH603,2018-02-26,09:00,11:00
MA512,2018-02-26,09:00,11:00
MA625,2018-02-26,09:00,11:00
CS101,2018-02-26,14:00,16:00
MA321,2018-02-26,14:00,16:00
EE333,2018-02-26,14:00,16:00
EE385,2018-02-26,14:00,16:00
ME321,2018-02-26,14:00,16:00
CE304,2018-02-26,14:00,16:00
DD314,2018-02-26,14:00,16:00
BT302,2018-02-26,14:00,16:00
CL307,2018-02-26,14:00,16:00
PH302,2018-02-26,14:00,16:00
CH323,2018-02-26,14:00,16:00
MA321,2018-02-26,14:00,16:00
CS503,2018-02-26,14:00,16:00
EE625,2018-02-26,14:00,16:00
EE643,2018-02-26,14:00,16:00
EE673,2018-02-26,14:00,16:00
ME553,2018-02-26,14:00,16:00
ME616,2018-02-26,14:00,16:00
ME665,2018-02-26,14:00,16:00
ME670,2018-02-26,14:00,16:00
CE514,2018-02-26,14:00,16:00
CL619,2018-02-26,14:00,16:00
CL634,2018-02-26,14:00,16:00
CS503,2018-02-26,14:00,16:00
EE625,2018-02-26,14:00,16:00
EE643,2018-02-26,14:00,16:00
EE673,2018-02-26,14:00,16:00
ME553,2018-02-26,14:00,16:00
ME616,2018-02-26,14:00,16:00
ME665,2018-02-26,14:00,16:00
ME670,2018-02-26,14:00,16:00
CE514,2018-02-26,14:00,16:00
CE556,2018-02-26,14:00,16:00
CE583,2018-02-26,14:00,16:00
CE594,2018-02-26,14:00,16:00
DD704,2018-02-26,14:00,16:00
CL619,2018-02-26,14:00,16:00
CL634,2018-02-26,14:00,16:00
PH527,2018-02-26,14:00,16:00
PH702,2018-02-26,14:00,16:00
MA571,2018-02-26,14:00,16:00
RT514,2018-02-26,14:00,16:00
CS222,2018-04-29,09:00,12:00
EE270,2018-04-29,09:00,12:00
ME221,2018-04-29,09:00,12:00
CE201,2018-04-29,09:00,12:00
DD211,2018-04-29,09:00,12:00
BT202,2018-04-29,09:00,12:00
CL204,2018-04-29,09:00,12:00
PH206,2018-04-29,09:00,12:00
CH212,2018-04-29,09:00,12:00
HS406,2018-04-29,09:00,12:00
HS409,2018-04-29,09:00,12:00
HS413,2018-04-29,09:00,12:00
HS414,2018-04-29,09:00,12:00
HS415,2018-04-29,09:00,12:00
HS420,2018-04-29,09:00,12:00
HS421,2018-04-29,09:00,12:00
HS422,2018-04-29,09:00,12:00
HS424,2018-04-29,09:00,12:00
HS425,2018-04-29,09:00,12:00
EE525,2018-04-29,09:00,12:00
EE551,2018-04-29,09:00,12:00
CE504,2018-04-29,09:00,12:00
CE524,2018-04-29,09:00,12:00
CE533,2018-04-29,09:00,12:00
CE584,2018-04-29,09:00,12:00
CE595,2018-04-29,09:00,12:00
DD707,2018-04-29,09:00,12:00
BT504,2018-04-29,09:00,12:00
CL503,2018-04-29,09:00,12:00
PH402,2018-04-29,09:00,12:00
CH411,2018-04-29,09:00,12:00
CH501,2018-04-29,09:00,12:00
CH603,2018-04-29,09:00,12:00
MA512,2018-04-29,09:00,12:00
MA625,2018-04-29,09:00,12:00
CS101,2018-04-29,14:00,17:00
MA321,2018-04-29,14:00,17:00
EE333,2018-04-29,14:00,17:00
EE385,2018-04-29,14:00,17:00
ME321,2018-04-29,14:00,17:00
CE304,2018-04-29,14:00,17:00
DD314,2018-04-29,14:00,17:00
BT302,2018-04-29,14:00,17:00
CL307,2018-04-29,14:00,17:00
PH302,2018-04-29,14:00,17:00
CH323,2018-04-29,14:00,17:00
MA321,2018-04-29,14:00,17:00
CS503,2018-04-29,14:00,17:00
EE625,2018-04-29,14:00,17:00
EE643,2018-04-29,14:00,17:00
EE673,2018-04-29,14:00,17:00
ME553,2018-04-29,14:00,17:00
ME616,2018-04-29,14:00,17:00
ME665,2018-04-29,14:00,17:00
ME670,2018-04-29,14:00,17:00
CE514,2018-04-29,14:00,17:00
CL619,2018-04-29,14:00,17:00
CL634,2018-04-29,14:00,17:00
CS503,2018-04-29,14:00,17:00
EE625,2018-04-29,14:00,17:00
EE634,2018-04-29,14:00,17:00
EE673,2018-04-29,14:00,17:00
ME553,2018-04-29,14:00,17:00
ME616,2018-04-29,14:00,17:00
ME665,2018-04-29,14:00,17:00
ME670,2018-04-29,14:00,17:00
CE514,2018-04-29,14:00,17:00
CE556,2018-04-29,14:00,17:00
CE583,2018-04-29,14:00,17:00
CE594,2018-04-29,14:00,17:00
DD704,2018-04-29,14:00,17:00
CL619,2018-04-29,14:00,17:00
CL634,2018-04-29,14:00,17:00
PH527,2018-04-29,14:00,17:00
PH702,2018-04-29,14:00,17:00
MA571,2018-04-29,14:00,17:00
RT514,2018-04-29,14:00,17:00
CS203,2018-02-27,09:00,11:00
EE221,2018-02-27,09:00,11:00
ME222,2018-02-27,09:00,11:00
CE220,2018-02-27,09:00,11:00
DD212,2018-02-27,09:00,11:00
CL205,2018-02-27,09:00,11:00
PH204,2018-02-27,09:00,11:00
CH222,2018-02-27,09:00,11:00
MA252,2018-02-27,09:00,11:00
CS525,2018-02-27,09:00,11:00
ME421,2018-02-27,09:00,11:00
CE402,2018-02-27,09:00,11:00
BT604,2018-02-27,09:00,11:00
BT607,2018-02-27,09:00,11:00
PH462,2018-02-27,09:00,11:00
CH417,2018-02-27,09:00,11:00
MA473,2018-02-27,09:00,11:00
EE503,2018-02-27,09:00,11:00
EE533,2018-02-27,09:00,11:00
CE525,2018-02-27,09:00,11:00
CE534,2018-02-27,09:00,11:00
CE555,2018-02-27,09:00,11:00
DD705,2018-02-27,09:00,11:00
CL504,2018-02-27,09:00,11:00
PH404,2018-02-27,09:00,11:00
CH421,2018-02-27,09:00,11:00
CH611,2018-02-27,09:00,11:00
MA542,2018-02-27,09:00,11:00
MA662,2018-02-27,09:00,11:00
HS502,2018-02-27,09:00,11:00
ME101,2018-02-27,14:00,16:00
CS346,2018-02-27,14:00,16:00
EE360,2018-02-27,14:00,16:00
ME322,2018-02-27,14:00,16:00
CE307,2018-02-27,14:00,16:00
DD313,2018-02-27,14:00,16:00
BT601,2018-02-27,14:00,16:00
CL308,2018-02-27,14:00,16:00
PH304,2018-02-27,14:00,16:00
CH333,2018-02-27,14:00,16:00
MA351,2018-02-27,14:00,16:00
EE621,2018-02-27,14:00,16:00
EE653,2018-02-27,14:00,16:00
EE667,2018-02-27,14:00,16:00
ME607,2018-02-27,14:00,16:00
CE606,2018-02-27,14:00,16:00
CL618,2018-02-27,14:00,16:00
CL638,2018-02-27,14:00,16:00
ME554,2018-02-27,14:00,16:00
ME607,2018-02-27,14:00,16:00
ME680,2018-02-27,14:00,16:00
CE564,2018-02-27,14:00,16:00
CE606,2018-02-27,14:00,16:00
CE612,2018-02-27,14:00,16:00
CE628,2018-02-27,14:00,16:00
DD529,2018-02-27,14:00,16:00
PH531,2018-02-27,14:00,16:00
PH703,2018-02-27,14:00,16:00
CH625,2018-02-27,14:00,16:00
MA573,2018-02-27,14:00,16:00
HS623,2018-02-27,14:00,16:00
RT515,2018-02-27,14:00,16:00
CS203,2018-05-01,09:00,12:00
EE221,2018-05-01,09:00,12:00
ME222,2018-05-01,09:00,12:00
CE220,2018-05-01,09:00,12:00
DD212,2018-05-01,09:00,12:00
CL205,2018-05-01,09:00,12:00
PH204,2018-05-01,09:00,12:00
CH222,2018-05-01,09:00,12:00
MA252,2018-05-01,09:00,12:00
CS525,2018-05-01,09:00,12:00
ME421,2018-05-01,09:00,12:00
CE402,2018-05-01,09:00,12:00
BT604,2018-05-01,09:00,12:00
BT607,2018-05-01,09:00,12:00
PH462,2018-05-01,09:00,12:00
CH417,2018-05-01,09:00,12:00
MA473,2018-05-01,09:00,12:00
EE503,2018-05-01,09:00,12:00
EE533,2018-05-01,09:00,12:00
CE525,2018-05-01,09:00,12:00
CE534,2018-05-01,09:00,12:00
CE555,2018-05-01,09:00,12:00
DD705,2018-05-01,09:00,12:00
CL504,2018-05-01,09:00,12:00
PH404,2018-05-01,09:00,12:00
CH421,2018-05-01,09:00,12:00
CH611,2018-05-01,09:00,12:00
MA542,2018-05-01,09:00,12:00
MA662,2018-05-01,09:00,12:00
HS502,2018-05-01,09:00,12:00
ME101,2018-05-01,14:00,17:00
CS346,2018-05-01,14:00,17:00
EE360,2018-05-01,14:00,17:00
ME322,2018-05-01,14:00,17:00
CE307,2018-05-01,14:00,17:00
DD313,2018-05-01,14:00,17:00
BT601,2018-05-01,14:00,17:00
CL308,2018-05-01,14:00,17:00
PH304,2018-05-01,14:00,17:00
CH333,2018-05-01,14:00,17:00
MA351,2018-05-01,14:00,17:00
EE621,2018-05-01,14:00,17:00
EE653,2018-05-01,14:00,17:00
EE667,2018-05-01,14:00,17:00
ME607,2018-05-01,14:00,17:00
CE606,2018-05-01,14:00,17:00
CL618,2018-05-01,14:00,17:00
CL638,2018-05-01,14:00,17:00
ME554,2018-05-01,14:00,17:00
ME607,2018-05-01,14:00,17:00
ME680,2018-05-01,14:00,17:00
CE564,2018-05-01,14:00,17:00
CE606,2018-05-01,14:00,17:00
CE612,2018-05-01,14:00,17:00
CE628,2018-05-01,14:00,17:00
DD529,2018-05-01,14:00,17:00
PH531,2018-05-01,14:00,17:00
PH703,2018-05-01,14:00,17:00
CH625,2018-05-01,14:00,17:00
MA573,2018-05-01,14:00,17:00
HS623,2018-05-01,14:00,17:00
RT515,2018-05-01,14:00,17:00
CS242,2018-02-28,09:00,11:00
EE203,2018-02-28,09:00,11:00
ME223,2018-02-28,09:00,11:00
CE206,2018-02-28,09:00,11:00
DD213,2018-02-28,09:00,11:00
BT205,2018-02-28,09:00,11:00
CL207,2018-02-28,09:00,11:00
BT205,2018-02-28,09:00,11:00
CH232,2018-02-28,09:00,11:00
MA271,2018-02-28,09:00,11:00
CS526,2018-02-28,09:00,11:00
EE664,2018-02-28,09:00,11:00
EE671,2018-02-28,09:00,11:00
ME609,2018-02-28,09:00,11:00
CE616,2018-02-28,09:00,11:00
CE552,2018-02-28,09:00,11:00
BT632,2018-02-28,09:00,11:00
BT630,2018-02-28,09:00,11:00
CL639,2018-02-28,09:00,11:00
PH443,2018-02-28,09:00,11:00
CH438,2018-02-28,09:00,11:00
EN671,2018-02-28,09:00,11:00
LS621,2018-02-28,09:00,11:00
DD441,2018-02-28,09:00,11:00
MA513,2018-02-28,09:00,11:00
EE580,2018-02-28,09:00,11:00
CE505,2018-02-28,09:00,11:00
CE661,2018-02-28,09:00,11:00
PH406,2018-02-28,09:00,11:00
CH432,2018-02-28,09:00,11:00
CH621,2018-02-28,09:00,11:00
CH643,2018-02-28,09:00,11:00
MA590,2018-02-28,09:00,11:00
MA643,2018-02-28,09:00,11:00
HS517,2018-02-28,09:00,11:00
MA102,2018-02-28,14:00,16:00
DD112,2018-02-28,14:00,16:00
CS344,2018-02-28,14:00,16:00
EE340,2018-02-28,14:00,16:00
ME324,2018-02-28,14:00,16:00
CE308,2018-02-28,14:00,16:00
DD312,2018-02-28,14:00,16:00
BT308,2018-02-28,14:00,16:00
CL309,2018-02-28,14:00,16:00
PH306,2018-02-28,14:00,16:00
ME324,2018-02-28,14:00,16:00
EE668,2018-02-28,14:00,16:00
CE607,2018-02-28,14:00,16:00
CL617,2018-02-28,14:00,16:00
CL623,2018-02-28,14:00,16:00
MA561,2018-02-28,14:00,16:00
CS242,2018-05-02,09:00,12:00
EE203,2018-05-02,09:00,12:00
ME223,2018-05-02,09:00,12:00
CE206,2018-05-02,09:00,12:00
DD213,2018-05-02,09:00,12:00
BT205,2018-05-02,09:00,12:00
CL207,2018-05-02,09:00,12:00
BT205,2018-05-02,09:00,12:00
CH232,2018-05-02,09:00,12:00
MA271,2018-05-02,09:00,12:00
CS526,2018-05-02,09:00,12:00
EE664,2018-05-02,09:00,12:00
EE671,2018-05-02,09:00,12:00
ME609,2018-05-02,09:00,12:00
CE616,2018-05-02,09:00,12:00
CE552,2018-05-02,09:00,12:00
BT632,2018-05-02,09:00,12:00
BT630,2018-05-02,09:00,12:00
CL639,2018-05-02,09:00,12:00
PH443,2018-05-02,09:00,12:00
CH438,2018-05-02,09:00,12:00
EN671,2018-05-02,09:00,12:00
LS621,2018-05-02,09:00,12:00
DD441,2018-05-02,09:00,12:00
MA513,2018-05-02,09:00,12:00
EE580,2018-05-02,09:00,12:00
CE505,2018-05-02,09:00,12:00
CE661,2018-05-02,09:00,12:00
PH406,2018-05-02,09:00,12:00
CH432,2018-05-02,09:00,12:00
CH621,2018-05-02,09:00,12:00
CH643,2018-05-02,09:00,12:00
MA590,2018-05-02,09:00,12:00
MA643,2018-05-02,09:00,12:00
HS517,2018-05-02,09:00,12:00
MA102,2018-05-02,14:00,17:00
DD112,2018-05-02,14:00,17:00
CS344,2018-05-02,14:00,17:00
EE340,2018-05-02,14:00,17:00
ME324,2018-05-02,14:00,17:00
CE308,2018-05-02,14:00,17:00
DD312,2018-05-02,14:00,17:00
BT308,2018-05-02,14:00,17:00
CL309,2018-05-02,14:00,17:00
PH306,2018-05-02,14:00,17:00
ME324,2018-05-02,14:00,17:00
EE668,2018-05-02,14:00,17:00
CE607,2018-05-02,14:00,17:00
CL617,2018-05-02,14:00,17:00
CL623,2018-05-02,14:00,17:00
MA561,2018-05-02,14:00,17:00
CS204,2018-03-01,09:00,11:00
EE230,2018-03-01,09:00,11:00
ME224,2018-03-01,09:00,11:00
CE205,2018-03-01,09:00,11:00
DD215,2018-03-01,09:00,11:00
BT208,2018-03-01,09:00,11:00
CL206,2018-03-01,09:00,11:00
CH233,2018-03-01,09:00,11:00
MA224,2018-03-01,09:00,11:00
ME522,2018-03-01,09:00,11:00
ME672,2018-03-01,09:00,11:00
DD510,2018-03-01,09:00,11:00
DD616,2018-03-01,09:00,11:00
DD602,2018-03-01,09:00,11:00
BT609,2018-03-01,09:00,11:00
CL404,2018-03-01,09:00,11:00
PH414,2018-03-01,09:00,11:00
CH418,2018-03-01,09:00,11:00
MA502,2018-03-01,09:00,11:00
CS666,2018-03-01,09:00,11:00
EE534,2018-03-01,09:00,11:00
EE663,2018-03-01,09:00,11:00
ME522,2018-03-01,09:00,11:00
ME605,2018-03-01,09:00,11:00
CE510,2018-03-01,09:00,11:00
PH408,2018-03-01,09:00,11:00
CH433,2018-03-01,09:00,11:00
CH623,2018-03-01,09:00,11:00
MA547,2018-03-01,09:00,11:00
MA762,2018-03-01,09:00,11:00
BT101,2018-03-01,14:00,16:00
DD111,2018-03-01,14:00,16:00
CS348,2018-03-01,14:00,16:00
EE337,2018-03-01,14:00,16:00
EE351,2018-03-01,14:00,16:00
ME323,2018-03-01,14:00,16:00
CE309,2018-03-01,14:00,16:00
DD315,2018-03-01,14:00,16:00
BT305,2018-03-01,14:00,16:00
CL314,2018-03-01,14:00,16:00
PH308,2018-03-01,14:00,16:00
CH322,2018-03-01,14:00,16:00
CS549,2018-03-01,14:00,16:00
EE631,2018-03-01,14:00,16:00
EE642,2018-03-01,14:00,16:00
EE648,2018-03-01,14:00,16:00
CE643,2018-03-01,14:00,16:00
CL614,2018-03-01,14:00,16:00
CL622,2018-03-01,14:00,16:00
MA671,2018-03-01,14:00,16:00
PH534,2018-03-01,14:00,16:00
PH706,2018-03-01,14:00,16:00
MA671,2018-03-01,14:00,16:00
RT517,2018-03-01,14:00,16:00
HS622,2018-03-01,14:00,16:00
CS204,2018-05-03,09:00,12:00
EE230,2018-05-03,09:00,12:00
ME224,2018-05-03,09:00,12:00
CE205,2018-05-03,09:00,12:00
DD215,2018-05-03,09:00,12:00
BT208,2018-05-03,09:00,12:00
CL206,2018-05-03,09:00,12:00
CH233,2018-05-03,09:00,12:00
MA224,2018-05-03,09:00,12:00
ME522,2018-05-03,09:00,12:00
ME672,2018-05-03,09:00,12:00
DD510,2018-05-03,09:00,12:00
DD616,2018-05-03,09:00,12:00
DD602,2018-05-03,09:00,12:00
BT609,2018-05-03,09:00,12:00
CL404,2018-05-03,09:00,12:00
PH414,2018-05-03,09:00,12:00
CH418,2018-05-03,09:00,12:00
MA502,2018-05-03,09:00,12:00
CS666,2018-05-03,09:00,12:00
EE534,2018-05-03,09:00,12:00
EE663,2018-05-03,09:00,12:00
ME522,2018-05-03,09:00,12:00
ME605,2018-05-03,09:00,12:00
CE510,2018-05-03,09:00,12:00
PH408,2018-05-03,09:00,12:00
CH433,2018-05-03,09:00,12:00
CH623,2018-05-03,09:00,12:00
MA547,2018-05-03,09:00,12:00
MA762,2018-05-03,09:00,12:00
BT101,2018-05-03,14:00,17:00
DD111,2018-05-03,14:00,17:00
CS348,2018-05-03,14:00,17:00
EE337,2018-05-03,14:00,17:00
EE351,2018-05-03,14:00,17:00
ME323,2018-05-03,14:00,17:00
CE309,2018-05-03,14:00,17:00
DD315,2018-05-03,14:00,17:00
BT305,2018-05-03,14:00,17:00
CL314,2018-05-03,14:00,17:00
PH308,2018-05-03,14:00,17:00
CH322,2018-05-03,14:00,17:00
CS549,2018-05-03,14:00,17:00
EE631,2018-05-03,14:00,17:00
EE642,2018-05-03,14:00,17:00
EE648,2018-05-03,14:00,17:00
CE643,2018-05-03,14:00,17:00
CL614,2018-05-03,14:00,17:00
CL622,2018-05-03,14:00,17:00
MA671,2018-05-03,14:00,17:00
PH534,2018-05-03,14:00,17:00
PH706,2018-05-03,14:00,17:00
MA671,2018-05-03,14:00,17:00
RT517,2018-05-03,14:00,17:00
HS622,2018-05-03,14:00,17:00
HS203,2018-03-03,09:00,11:00
HS212,2018-03-03,09:00,11:00
HS213,2018-03-03,09:00,11:00
HS220,2018-03-03,09:00,11:00
HS224,2018-03-03,09:00,11:00
HS226,2018-03-03,09:00,11:00
HS234,2018-03-03,09:00,11:00
HS238,2018-03-03,09:00,11:00
HS239,2018-03-03,09:00,11:00
HS242,2018-03-03,09:00,11:00
HS243,2018-03-03,09:00,11:00
DD316,2018-03-03,09:00,11:00
CS501,2018-03-03,09:00,11:00
ME615,2018-03-03,09:00,11:00
ME686,2018-03-03,09:00,11:00
ME688,2018-03-03,09:00,11:00
ME695,2018-03-03,09:00,11:00
DD521,2018-03-03,09:00,11:00
DD527,2018-03-03,09:00,11:00
BT401,2018-03-03,09:00,11:00
CL401,2018-03-03,09:00,11:00
PH521,2018-03-03,09:00,11:00
CH428,2018-03-03,09:00,11:00
MA477,2018-03-03,09:00,11:00
EE561,2018-03-03,09:00,11:00
EE636,2018-03-03,09:00,11:00
EE652,2018-03-03,09:00,11:00
ME615,2018-03-03,09:00,11:00
ME686,2018-03-03,09:00,11:00
ME688,2018-03-03,09:00,11:00
ME695,2018-03-03,09:00,11:00
CE608,2018-03-03,09:00,11:00
CE649,2018-03-03,09:00,11:00
DD509,2018-03-03,09:00,11:00
DD512,2018-03-03,09:00,11:00
BT502,2018-03-03,09:00,11:00
PH410,2018-03-03,09:00,11:00
CH630,2018-03-03,09:00,11:00
MA519,2018-03-03,09:00,11:00
MA591,2018-03-03,09:00,11:00
MA642,2018-03-03,09:00,11:00
PH102,2018-03-03,14:00,16:00
EE657,2018-03-03,14:00,16:00
CL625,2018-03-03,14:00,16:00
PH446,2018-03-03,14:00,16:00
CH419,2018-03-03,14:00,16:00
DD306,2018-03-03,14:00,16:00
DD514,2018-03-03,14:00,16:00
CE311,2018-03-03,14:00,16:00
ME325,2018-03-03,14:00,16:00
BT306,2018-03-03,14:00,16:00
MA373,2018-03-03,14:00,16:00
CS561,2018-03-03,14:00,16:00
EE632,2018-03-03,14:00,16:00
EE646,2018-03-03,14:00,16:00
EE647,2018-03-03,14:00,16:00
CE648,2018-03-03,14:00,16:00
CL625,2018-03-03,14:00,16:00
MA641,2018-03-03,14:00,16:00
ME513,2018-03-03,14:00,16:00
PH545,2018-03-03,14:00,16:00
CH640,2018-03-03,14:00,16:00
HS203,2018-05-04,09:00,12:00
HS212,2018-05-04,09:00,12:00
HS213,2018-05-04,09:00,12:00
HS220,2018-05-04,09:00,12:00
HS224,2018-05-04,09:00,12:00
HS226,2018-05-04,09:00,12:00
HS234,2018-05-04,09:00,12:00
HS238,2018-05-04,09:00,12:00
HS239,2018-05-04,09:00,12:00
HS242,2018-05-04,09:00,12:00
HS243,2018-05-04,09:00,12:00
DD316,2018-05-04,09:00,12:00
CS501,2018-05-04,09:00,12:00
ME615,2018-05-04,09:00,12:00
ME686,2018-05-04,09:00,12:00
ME688,2018-05-04,09:00,12:00
ME695,2018-05-04,09:00,12:00
DD521,2018-05-04,09:00,12:00
DD527,2018-05-04,09:00,12:00
BT401,2018-05-04,09:00,12:00
CL401,2018-05-04,09:00,12:00
PH521,2018-05-04,09:00,12:00
CH428,2018-05-04,09:00,12:00
MA477,2018-05-04,09:00,12:00
EE561,2018-05-04,09:00,12:00
EE636,2018-05-04,09:00,12:00
EE652,2018-05-04,09:00,12:00
ME615,2018-05-04,09:00,12:00
ME686,2018-05-04,09:00,12:00
ME688,2018-05-04,09:00,12:00
ME695,2018-05-04,09:00,12:00
CE608,2018-05-04,09:00,12:00
CE649,2018-05-04,09:00,12:00
DD509,2018-05-04,09:00,12:00
DD512,2018-05-04,09:00,12:00
BT502,2018-05-04,09:00,12:00
PH410,2018-05-04,09:00,12:00
CH630,2018-05-04,09:00,12:00
MA519,2018-05-04,09:00,12:00
MA591,2018-05-04,09:00,12:00
MA642,2018-05-04,09:00,12:00
PH102,2018-05-04,14:00,17:00
EE657,2018-05-04,14:00,17:00
CL625,2018-05-04,14:00,17:00
PH446,2018-05-04,14:00,17:00
CH419,2018-05-04,14:00,17:00
DD306,2018-05-04,14:00,17:00
DD514,2018-05-04,14:00,17:00
CE311,2018-05-04,14:00,17:00
ME325,2018-05-04,14:00,17:00
BT306,2018-05-04,14:00,17:00
MA373,2018-05-04,14:00,17:00
CS561,2018-05-04,14:00,17:00
EE632,2018-05-04,14:00,17:00
EE646,2018-05-04,14:00,17:00
EE647,2018-05-04,14:00,17:00
CE648,2018-05-04,14:00,17:00
CL625,2018-05-04,14:00,17:00
MA641,2018-05-04,14:00,17:00
ME513,2018-05-04,14:00,17:00
PH545,2018-05-04,14:00,17:00
CH640,2018-05-04,14:00,17:00
CS206M,2018-04-04,09:00,11:00
EE213M,2018-04-04,09:00,11:00
DD220M,2018-04-04,09:00,11:00
MA212M,2018-04-04,09:00,11:00
ME613M,2018-04-04,09:00,11:00
ME618,2018-04-04,09:00,11:00
ME619,2018-04-04,09:00,11:00
BT613,2018-04-04,09:00,11:00
CL630,2018-04-04,09:00,11:00
CL635,2018-04-04,09:00,11:00
PH524,2018-04-04,09:00,11:00
ME514,2018-04-04,09:00,11:00
ME613,2018-04-04,09:00,11:00
ME618,2018-04-04,09:00,11:00
ME619,2018-04-04,09:00,11:00
CE615,2018-04-04,09:00,11:00
MA746,2018-04-04,09:00,11:00
HS505,2018-04-04,09:00,11:00
CS350M,2018-04-04,14:00,16:00
EE322M,2018-04-04,14:00,16:00
ME321M,2018-04-04,14:00,16:00
DD320M,2018-04-04,14:00,16:00
MA312M,2018-04-04,14:00,16:00
BT618,2018-04-04,14:00,16:00
PH544,2018-04-04,14:00,16:00
MA644,2018-04-04,14:00,16:00
MA691,2018-04-04,14:00,16:00
BT618,2018-04-04,14:00,16:00
HS521,2018-04-04,14:00,16:00
CS206M,2018-05-05,09:00,12:00
EE213M,2018-05-05,09:00,12:00
DD220M,2018-05-05,09:00,12:00
MA212M,2018-05-05,09:00,12:00
ME613M,2018-05-05,09:00,12:00
ME618,2018-05-05,09:00,12:00
ME619,2018-05-05,09:00,12:00
BT613,2018-05-05,09:00,12:00
CL630,2018-05-05,09:00,12:00
CL635,2018-05-05,09:00,12:00
PH524,2018-05-05,09:00,12:00
ME514,2018-05-05,09:00,12:00
ME613,2018-05-05,09:00,12:00
ME618,2018-05-05,09:00,12:00
ME619,2018-05-05,09:00,12:00
CE615,2018-05-05,09:00,12:00
MA746,2018-05-05,09:00,12:00
HS505,2018-05-05,09:00,12:00
CS350M,2018-05-05,14:00,17:00
EE322M,2018-05-05,14:00,17:00
ME321M,2018-05-05,14:00,17:00
DD320M,2018-05-05,14:00,17:00
MA312M,2018-05-05,14:00,17:00
BT618,2018-05-05,14:00,17:00
PH544,2018-05-05,14:00,17:00
MA644,2018-05-05,14:00,17:00
MA691,2018-05-05,14:00,17:00
BT618,2018-05-05,14:00,17:00
HS521,2018-05-05,14:00,17:00
